timestamp,tag_id,x_pos,y_pos
2.0,4,66.95092925828281,33.9288987225109
2.0,5,51.17588137027644,32.66659226482002
2.0,6,51.66241802351171,6.631293994183703
2.0,8,56.30100852497776,44.71611404950526
2.0,11,58.83848691598198,33.070221347838505
2.0,12,46.86783853689984,20.98823553815174
2.0,14,67.7092395334988,24.944413525491438
2.0,1,65.14729104782946,13.76385475433204
2.0,2,66.33761627983385,44.57675294400984
2.0,10,41.9925,66.4985
2.25,4,66.95170308695208,33.80442034417746
2.25,5,51.177377276226075,31.59387935053336
2.25,6,51.930611576891785,6.609977644282677
2.25,8,56.276341088568984,44.127467702338265
2.25,11,59.06824674309708,32.41599844551584
2.25,12,46.60762372414476,20.17453652019092
2.25,14,67.81883033794743,25.11473293668798
2.25,1,64.99018284093222,13.81195079651466
2.25,2,66.44254355616292,44.41867858429042
2.25,10,41.9925,66.4985
2.5,4,66.96472576160525,33.61210880695816
2.5,5,51.20512846771034,30.57674965519214
2.5,6,52.21137689109298,6.625430401432449
2.5,8,56.3116244666669,43.61708810178241
2.5,11,59.283839393851544,31.981356991402457
2.5,12,46.23754348907007,19.422475404092303
2.5,14,67.86979163000511,25.223666107986723
2.5,1,64.73412475971637,13.898408581199101
2.5,2,66.57765160982493,44.31647780679124
2.5,10,41.9925,66.4985
2.75,4,66.92775848275008,33.29713062525092
2.75,5,51.23933256073358,29.88938005107982
2.75,6,52.49745981805436,6.669884648759483
2.75,8,56.41774508660014,43.269333712451896
2.75,11,59.45840658778987,31.844302855453456
2.75,12,45.77850812840528,18.855987319253643
2.75,14,67.87580671484088,25.25062326641902
2.75,1,64.55091727632788,14.05202083345176
2.75,2,66.71714346640852,44.266489379555686
2.75,10,41.9925,66.4985
3.0,4,66.79959514820246,32.91263836831648
3.0,5,51.2263896515761,29.68119723020764
3.0,6,52.7508623692603,6.729361902738345
3.0,8,56.57479153244658,43.0740015581092
3.0,11,59.60257302057354,32.02395535244202
3.0,12,45.2446436326115,18.61253256417646
3.0,14,67.83267186880803,25.2200347812996
3.0,1,64.58226381359326,14.28378598952032
3.0,2,66.83055387029852,44.27400800038904
3.0,10,41.9925,66.4985
70.5,4,61.49310864872134,39.629483142248134
70.5,5,41.64812812033706,39.52497175526322
70.5,6,43.593250088903176,16.55281259184062
70.5,8,47.17510223267258,47.75903367020326
70.5,11,53.782804228161616,39.8911079634354
70.5,12,38.886855758467604,28.776471202922142
70.5,14,61.402562219950326,26.753900515147016
70.5,1,61.05314282214844,17.10297636312612
70.5,2,60.01272397320122,47.206836598290046
70.5,10,43.3293,54.0406
70.75,4,61.08465944075421,39.06786947652722
70.75,5,42.2062945643457,39.02718120936944
70.75,6,44.11734165080518,16.297957793325118
70.75,8,47.7019962558316,47.03003832439028
70.75,11,53.80211456135346,39.942062514450846
70.75,12,39.34619511234032,28.270768332552883
70.75,14,61.2531879676805,26.063208166655578
70.75,1,60.97356733819398,16.701668164912657
70.75,2,59.887662500830174,46.5344101072418
70.75,10,43.3293,54.0406
71.0,4,60.87189954939949,38.41239619145472
71.0,5,42.65535771991295,38.6745447126537
71.0,6,44.643275252811485,16.04374789532116
71.0,8,48.261081140021346,46.35506972803646
71.0,11,53.812357799283305,39.918505344274216
71.0,12,39.7098151517379,27.69990261447244
71.0,14,61.043846179905984,25.415106846428777
71.0,1,60.80256648264431,16.22713765216282
71.0,2,59.77704274336344,45.8695184162777
71.0,10,43.3293,54.0406
71.25,4,60.8766403534402,37.65926211726206
71.25,5,43.013796779088594,38.34865773515738
71.25,6,45.21127670760238,15.80651624754066
71.25,8,48.74610742945398,45.793459073008876
71.25,11,53.85571490868267,39.68158065301484
71.25,12,39.98649367491668,27.147361560286942
71.25,14,60.748869618203244,24.810959148184683
71.25,1,60.58906764631706,15.70529540180392
71.25,2,59.690006949857505,45.18029569663272
71.25,10,43.3293,54.0406
71.5,4,61.052318347974094,36.76345444134067
71.5,5,43.20994407902303,38.017157568806624
71.5,6,45.837500200065804,15.56093559181922
71.5,8,49.09578227619914,45.394470333745
71.5,11,53.92382413859074,39.14861434299584
71.5,12,40.214877134227564,26.68871530914448
71.5,14,60.380815329000406,24.24124749963522
71.5,1,60.33779390993182,15.179276903596659
71.5,2,59.66134899083022,44.448880815674904
71.5,10,43.3293,54.0406
71.75,4,61.299259689782595,35.66767183230256
71.75,5,43.30759459315546,37.59353809397876
71.75,6,46.48691057708943,15.252837814134699
71.75,8,49.33451369553738,45.14357641808616
71.75,11,53.99571270195649,38.346725529628884
71.75,12,40.44898389730632,26.34529212760416
71.75,14,59.9626018588555,23.6765095832537
71.75,1,60.052634024920025,14.740129953412076
71.75,2,59.70971844689118,43.656696528918374
71.75,10,43.3293,54.0406
72.0,4,61.500345009174055,34.366416620324465
72.0,5,43.38078961381258,37.02229752904684
72.0,6,47.100959930849356,14.843445251924521
72.0,8,49.54207267489227,44.95060780221214
72.0,11,54.090459245382455,37.412062727517096
72.0,12,40.72412250521626,26.07430182679414
72.0,14,59.50809989628732,23.08121264819988
72.0,1,59.586907201861855,14.289277932936542
72.0,2,59.80823642807146,42.778127360138626
72.0,10,43.3293,54.0406
72.25,4,61.563305423787384,32.94111226207458
72.25,5,43.49217387003138,36.27419734024691
72.25,6,47.63230871324836,14.350416513822779
72.25,8,49.786812987275326,44.690156920307246
72.25,11,54.251197977102585,36.5119017305645
72.25,12,41.03567258992208,25.797202191455938
72.25,14,59.02207045472518,22.447325440838203
72.25,1,59.05238997612817,13.97239027439332
72.25,2,59.906348853670444,41.80785782728008
72.25,10,43.3293,54.0406
72.5,4,61.45274344010566,31.5290815554549
72.5,5,43.661229060068365,35.35708572786358
72.5,6,48.04750932750311,13.84424935973794
72.5,8,50.0843785868934,44.26310263425382
72.5,11,54.47221770383053,35.76051355265102
72.5,12,41.356356563594645,25.43843534752112
72.5,14,58.51030698015842,21.80498941802764
72.5,1,58.421434709099664,13.740666859096558
72.5,2,59.9687756427846,40.80428095638284
72.5,10,43.3293,54.0406
72.75,4,61.1935119552527,30.2455279295602
72.75,5,43.86137368904826,34.299164985947314
72.75,6,48.31575706369242,13.407711417789221
72.75,8,50.39207663653311,43.643300483312785
72.75,11,54.667868911711835,35.176847400165
72.75,12,41.65979358305478,24.9574449675029
72.75,14,57.98297002860126,21.1922136012894
72.75,1,57.6936684539199,13.57499511888266
72.75,2,59.986235154970416,39.87217650498064
72.75,10,43.3293,54.0406
73.0,4,60.843231462693176,29.13407151183032
73.0,5,44.03853919081036,33.12813412574414
73.0,6,48.41447308946372,13.082589786670038
73.0,8,50.630138614530445,42.88077828882708
73.0,11,54.742928377607925,34.692431197246506
73.0,12,41.923857800992785,24.3706603412315
73.0,14,57.455780782231976,20.608511202131844
73.0,1,56.860795263271726,13.43848603880574
73.0,2,59.95335290815085,39.10865622896062
73.0,10,43.3293,54.0406
73.25,4,60.45773274228636,28.1756719508863
73.25,5,44.13904372268504,31.88079125087382
73.25,6,48.34650235951598,12.846806443471959
73.25,8,50.717993437068344,42.06917645375948
73.25,11,54.68115687232464,34.201601809811976
73.25,12,42.121604488415,23.707554516048273
73.25,14,56.95224387277352,20.0202879131688
73.25,1,55.941508510687115,13.27920030685394
73.25,2,59.85822348106488,38.54254394347578
73.25,10,43.3293,54.0406
73.5,4,60.07046161404982,27.33436590841684
73.5,5,44.126727805522826,30.627768671495538
73.5,6,48.13618042418376,12.63121316964774
73.5,8,50.60064668115644,41.30462313442786
73.5,11,54.54746626746335,33.62200974466766
73.5,12,42.189423204064866,23.1252102719846
73.5,14,56.508298365121505,19.40953069233374
73.5,1,54.99290811821984,13.05310476470954
73.5,2,59.70859807119321,38.126198918225555
73.5,10,43.3293,54.0406
73.75,4,59.686617442251475,26.588035870297677
73.75,5,43.98863227628498,29.4619153434393
73.75,6,47.814782107319125,12.365951816204198
73.75,8,50.2690657741368,40.65084883169698
73.75,11,54.41159801463918,32.92636209986124
73.75,12,42.11081094651212,22.55174130469074
73.75,14,56.164759154875036,18.8072179517908
73.75,1,54.092898255059104,12.75011165884618
73.75,2,59.540587360720224,37.7714395639523
73.75,10,43.3293,54.0406
74.0,4,59.29946630154002,25.9318846451661
74.0,5,43.734061761680834,28.454018720326303
74.0,6,47.40404984088898,12.02105134280012
74.0,8,49.76640044180699,40.126070014666695
74.0,11,54.28971040905479,32.129572698675624
74.0,12,41.874500357412096,22.01088486681558
74.0,14,55.95142668589282,18.27401108794548
74.0,1,53.30918398599643,12.398262787477599
74.0,2,59.392351097466964,37.401764831681746
74.0,10,43.3293,54.0406
74.25,4,58.9157966654682,25.365801904449462
74.25,5,43.39799239856756,27.6150987955806
74.25,6,46.917832212705775,11.62251345378506
74.25,8,49.15954795853272,39.71920796887214
74.25,11,54.156241674504315,31.254954560385602
74.25,12,41.518627549494305,21.49410475076652
74.25,14,55.89171344720846,17.84735728929
74.25,1,52.681812261355574,12.04397378690194
74.25,2,59.27110033225614,36.98574171663622
74.25,10,43.3293,54.0406
74.5,4,58.57891810629583,24.87963031293766
74.5,5,43.041309487742666,26.8933028126517
74.5,6,46.369991064312316,11.2431151803768
74.5,8,48.570680972338124,39.438722898369676
74.5,11,53.98615051277234,30.31975968186694
74.5,12,41.11395092040148,21.001147169560877
74.5,14,56.01222860868528,17.5176820369556
74.5,1,52.22106863079192,11.719976664209302
74.5,2,59.14303732687365,36.53068116726352
74.5,10,43.3293,54.0406
74.75,4,58.3619381828898,24.455816963916998
74.75,5,42.73867238721859,26.21346224465096
74.75,6,45.78198187169964,10.971754998717278
74.75,8,47.84005418182166,39.18880318302807
74.75,11,53.77734764450122,29.348261746212643
74.75,12,40.73756738584052,20.51959348646472
74.75,14,56.315359968947746,17.24357780688664
74.75,1,51.90442826280106,11.429250893570119
74.75,2,58.963246052825056,36.05934407585678
74.75,10,43.3293,54.0406
75.0,4,58.31933234230826,24.07904456985046
75.0,5,42.55474523718904,25.52147352018438
75.0,6,45.1792280501514,10.86748498784212
75.0,8,47.222630887451075,39.004977565086094
75.0,11,53.541181344182476,28.39540560975636
75.0,12,40.44516760581956,20.02617692907724
75.0,14,56.74083412173057,16.99537615526786
75.0,1,51.687522770210876,11.160559409620841
75.0,2,58.71415399884991,35.61872929814648
75.0,10,43.3293,54.0406
75.25,4,58.4381465043989,23.739852148985978
75.25,5,42.518735129758866,24.81109524351928
75.25,6,44.5850435698784,10.922918861496623
75.25,8,46.74307496900852,38.79909105048266
75.25,11,53.29285588909106,27.53370934827326
75.25,12,40.248859438350884,19.52093997537562
75.25,14,57.177461779723764,16.78475304643182
75.25,1,51.52756163160194,10.914864998325921
75.25,2,58.42762360615012,35.28879689796236
75.25,10,43.32930000000001,54.040600000000005
277.75,4,62.92294457189182,40.17284655914092
277.75,5,45.940877958038,41.828177649058865
277.75,6,44.62246337273676,14.80120080825516
277.75,8,52.36624639392308,53.07100103056109
277.75,11,57.04929292605537,45.9190717663642
277.75,12,44.4651080097849,29.724801671500302
277.75,14,63.83367676588258,34.14769734711102
277.75,1,62.781061567318844,17.52488704945378
277.75,2,66.50969572472592,54.88026475812903
277.75,10,41.8266,53.0829
278.0,4,62.84251847813196,40.29070257918386
278.0,5,46.67571511607765,41.946832081234284
278.0,6,45.30991447935588,15.03696752380418
278.0,8,53.220426775725535,53.22702652831698
278.0,11,57.46587024560646,46.025515704297355
278.0,12,45.540836986213364,29.66052814238816
278.0,14,64.40808435315034,34.02250004341334
278.0,1,63.26562200829196,17.651758520669958
278.0,2,66.75554967922214,54.75898523195788
278.0,10,41.8266,53.08290000000001
278.25,4,62.7718062214542,40.29867849469396
278.25,5,47.38528773404434,41.77962827312206
278.25,6,45.97940209077392,15.227876817796362
278.25,8,54.15646977535444,53.284758625861954
278.25,11,57.74685779646002,45.99520350168682
278.25,12,46.50878356866356,29.410567051227655
278.25,14,64.83219038953449,33.75438990256508
278.25,1,63.78911976232886,17.744673306927478
278.25,2,66.99066118484618,54.707765866653254
278.25,10,41.8266,53.08290000000001
278.5,4,62.806623060650125,40.132751099713396
278.5,5,47.95183716047324,41.25032461707782
278.5,6,46.601648865286066,15.38570154759644
278.5,8,55.1492227147837,53.30748400486382
278.5,11,57.94824472902231,45.8403744876902
278.5,12,47.2838313705242,29.093321948700815
278.5,14,65.16066737443437,33.28890842378318
278.5,1,64.33942461251348,17.800252267630697
278.5,2,67.14435754389613,54.61881329854894
278.5,10,41.8266,53.08290000000001
278.75,4,62.991334341164745,39.83230564107272
278.75,5,48.33966114693119,40.40235226071104
278.75,6,47.182823680455485,15.511228446652783
278.75,8,56.08057787818476,53.289068368411776
278.75,11,58.11952136122568,45.53566985729884
278.75,12,47.789267782882135,28.78875353331012
278.75,14,65.36932666078556,32.66489726629504
278.75,1,64.88519728534982,17.795887692376642
278.75,2,67.15493610868289,54.395732133211915
278.75,10,41.8266,53.08290000000001
279.0,4,63.330081986439176,39.49476365781099
279.0,5,48.620545139395524,39.382896494358064
279.0,6,47.76334862811365,15.576609087640259
279.0,8,56.81721837666504,53.154328483619
279.0,11,58.28088437321836,45.06266550447044
279.0,12,47.98008629282882,28.51816879493228
279.0,14,65.42083494766428,31.986014601533306
279.0,1,65.38433581738755,17.688705934047277
279.0,2,67.01015495661483,53.99541498491694
279.0,10,41.8266,53.08290000000001
279.25,4,63.819696972016594,39.17002445365064
279.25,5,48.90546351462316,38.369295763368484
279.25,6,48.38219074454438,15.534907242879303
279.25,8,57.3040275450639,52.81109177091988
279.25,11,58.42603644959017,44.463628802418576
279.25,12,47.8631113721532,28.252044409560277
279.25,14,65.30548474466656,31.34296338242466
279.25,1,65.79333153856143,17.432424954840737
279.25,2,66.75031119712884,53.43660709941016
279.25,10,41.8266,53.08290000000001
279.5,4,64.42676499918457,38.82443465336581
279.5,5,49.25030554090154,37.51202949388446
279.5,6,49.041483874741935,15.347536404041723
279.5,8,57.5766653453753,52.221094268550544
279.5,11,58.52883786532893,43.84327685799982
279.5,12,47.50665371158222,27.9356412457253
279.5,14,65.04798757766639,30.69408124127965
279.5,1,66.0766367933439,17.0067955559988
279.5,2,66.44926186138068,52.77653528150644
279.5,10,41.8266,53.08290000000001
279.75,4,65.08052109630873,38.38136077207204
279.75,5,49.6291573111377,36.91569537626542
279.75,6,49.714007865891645,15.00936629582618
279.75,8,57.70265508887944,51.45507893783348
279.75,11,58.56103089892954,43.298719708422134
279.75,12,47.0332850599921,27.52555548107634
279.75,14,64.82020154803519,30.166723240001723
279.75,1,66.21347735359613,16.436977943989582
279.75,2,66.1916243762702,52.07471928352828
279.75,10,41.8266,53.08290000000001
280.0,4,65.6878983438521,37.792910804492536
280.0,5,49.970079937058486,36.60920862351506
280.0,6,50.373723275965936,14.547539738287222
280.0,8,57.73137530011574,50.67208396205102
280.0,11,58.523855575203,42.84291301012792
280.0,12,46.5939435633861,27.015496817060143
280.0,14,64.63277584191763,29.534838856852883
280.0,1,66.20720428232349,15.7908433610911
280.0,2,66.05155963528645,51.37274076154954
280.0,10,41.8266,53.08290000000001
280.25,4,66.16733677712656,37.09861399777792
280.25,5,50.21358677579758,36.499199110316496
280.25,6,51.00459353606421,13.99596101864642
280.25,8,57.70200293563662,50.02440823397798
280.25,11,58.46125969755693,42.404128295559914
280.25,12,46.32767777653796,26.424276204289356
280.25,14,64.55282135329252,28.854911569909838
280.25,1,66.08911913769424,15.183413124728801
280.25,2,66.06698619780686,50.693207188461315
280.25,10,41.8266,53.08290000000001
280.5,4,66.47342699799648,36.425378972113805
280.5,5,50.338747693234986,36.39280977297328
280.5,6,51.59230387037398,13.38040554614686
280.5,8,57.658681323592965,49.56163782678068
280.5,11,58.42610770178006,41.90640593418562
280.5,12,46.319648031719815,25.774234000658037
280.5,14,64.56895421750885,28.19242938655578
280.5,1,65.86319016993863,14.59312964700944
280.5,2,66.21854123741721,50.041009231237254
280.5,10,41.8266,53.08290000000001
280.75,4,66.6020509599401,35.90342094820014
280.75,5,50.36479182093452,36.10943129411428
280.75,6,52.12352130673164,12.727758323521439
280.75,8,57.63487135267106,49.23155956427655
280.75,11,58.434547395625415,41.3384032627759
280.75,12,46.5731794409449,25.08522209196468
280.75,14,64.63732334363006,27.63429599116882
280.75,1,65.58302707451686,14.148971852368259
280.75,2,66.43878418530262,49.40059172836901
280.75,10,41.8266,53.08290000000001
281.0,4,66.58593955543411,35.566483254790676
281.0,5,50.3396395683345,35.6150790206999
281.0,6,52.59618624768552,12.070680181084361
281.0,8,57.63146710390164,48.97051387464654
281.0,11,58.44764106442076,40.742834280250634
281.0,12,46.991327216605136,24.3724355832522
281.0,14,64.70808993321347,27.226822553476985
281.0,1,65.27389008230067,13.822319175516858
281.0,2,66.64782686277809,48.7447797280266
281.0,10,41.8266,53.08290000000001
281.25,4,66.4794460161079,35.320129573327094
281.25,5,50.30885102564468,34.87131704399111
281.25,6,53.01767942460625,11.429709206916279
281.25,8,57.61813363481114,48.77759263847292
281.25,11,58.420196922321814,40.160303261683
281.25,12,47.39714743661204,23.63079889009046
281.25,14,64.7535854237624,26.941266544055804
281.25,1,64.97797912906478,13.5989048898516
281.25,2,66.78561955256853,48.059555607792184
281.25,10,41.8266,53.08290000000001
281.5,4,66.3230281424078,35.01520546205758
281.5,5,50.31612919732396,34.05959902368496
281.5,6,53.39014181436876,10.797024009884819
281.5,8,57.55474478550004,48.696966835063485
281.5,11,58.36774451924792,39.6082067719862
281.5,12,47.62139653616644,22.851077241651602
281.5,14,64.77793229530164,26.7113014858162
281.5,1,64.73687958122323,13.465833855649299
281.5,2,66.81094652955736,47.36752170281958
281.5,10,41.8266,53.08290000000001
281.75,4,66.1185945958009,34.56768646951282
281.75,5,50.38283564755306,33.203742060225736
281.75,6,53.706187993324136,10.152061228433418
281.75,8,57.409792191043834,48.7606429701637
281.75,11,58.3766925135414,39.120615271218824
281.75,12,47.60145777716952,22.04404621541072
281.75,14,64.80633531870052,26.49353069271522
281.75,1,64.5759911424198,13.410863748167719
281.75,2,66.68462754272308,46.722378273700464
281.75,10,41.8266,53.08290000000001
282.0,4,65.838684618774,34.03147033225278
282.0,5,50.52829055995178,32.32857709752081
282.0,6,53.962429906368186,9.500371379848014
282.0,8,57.16377462306192,48.958873456573954
282.0,11,58.53433607464333,38.745852429643236
282.0,12,47.40275542482582,21.244486138131002
282.0,14,64.86879085533727,26.294694080949018
282.0,1,64.50073050839622,13.413383792682883
282.0,2,66.37211914741079,46.18812092233942
282.0,10,41.8266,53.08290000000001
282.25,4,65.47298527556116,33.561392919209176
282.25,5,50.76735859139708,31.476839293831098
282.25,6,54.173695181658005,8.885769473638373
282.25,8,56.83654826847326,49.24676470900832
282.25,11,58.84200498732794,38.50879089863312
282.25,12,47.13677735868843,20.4773150030732
282.25,14,64.98731458573702,26.14499385987508
282.25,1,64.49387983712823,13.446099952811238
282.25,2,65.88076055082709,45.81150080093509
282.25,10,41.8266,53.08290000000001
282.5,4,65.05921849184469,33.28771269681964
282.5,5,51.08506299282346,30.719403241413158
282.5,6,54.369459640915366,8.366349326583727
282.5,8,56.50925747540189,49.543033036855505
282.5,11,59.1963612872191,38.35514620633154
282.5,12,46.86143826340058,19.7371321140808
282.5,14,65.16663112500538,26.05496463941328
282.5,1,64.52251025071646,13.491467725794081
282.5,2,65.2930550349767,45.59875106755486
282.5,10,41.8266,53.08290000000001
282.75,4,64.66745684625032,33.21899590623284
282.75,5,51.42300625741136,30.125852452222357
282.75,6,54.574356890655466,7.9747606766948165
282.75,8,56.305843091835904,49.75646677669745
282.75,11,59.47638420901809,38.1621608826659
282.75,12,46.56063168501414,19.01395386677858
282.75,14,65.38430619999905,25.99525807302432
282.75,1,64.54738820592151,13.54771988607176
282.75,2,64.7474922490475,45.49334083602672
282.75,10,41.8266,53.08290000000001
283.0,4,64.36981450045704,33.2570937701347
283.0,5,51.710453378196995,29.729453845199657
283.0,6,54.79382010961818,7.70809270018399
283.0,8,56.30732442488272,49.83382095173302
283.0,11,59.63739776655107,37.788489330200576
283.0,12,46.19480105535714,18.328981252352058
283.0,14,65.5924452650751,25.9099164509611
283.0,1,64.54420420290357,13.620736609997659
283.0,2,64.36119545097858,45.39526199205722
283.0,10,41.8266,53.08290000000001
283.25,4,64.21318266979533,33.3047907223139
283.25,5,51.91712533892904,29.512905111877636
283.25,6,55.01863349310888,7.547007343032206
283.25,8,56.47498816198116,49.77264618951454
283.25,11,59.71083732075316,37.1491178205883
283.25,12,45.74740108581812,17.74808097183266
283.25,14,65.7426670665058,25.754156653032037
283.25,1,64.52530943794818,13.7151158440434
283.25,2,64.16633829561061,45.21757429852304
283.25,10,41.8266,53.08290000000001
283.5,4,64.20747249046272,33.35392498194858
283.5,5,52.062441248899674,29.428437910648462
283.5,6,55.24392470346332,7.4785966209020955
283.5,8,56.67980376019858,49.58159635426848
283.5,11,59.7288977746327,36.27928281963274
283.5,12,45.228283514592974,17.35927381557986
283.5,14,65.8125818347917,25.531928005626757
283.5,1,64.53123495183374,13.834438527096799
283.5,2,64.11311800755942,44.92537055797682
283.5,10,41.8266,53.08290000000001
283.75,4,64.32275393365154,33.4741131754653
283.75,5,52.170197904144274,29.44062230925416
283.75,6,55.47408421662404,7.499116336429077
283.75,8,56.81933764987055,49.254838958871986
283.75,11,59.67296607765438,35.340782656555405
283.75,12,44.65728954940847,17.248841044294302
283.75,14,65.81027373321822,25.301359967855824
283.75,1,64.6016368213589,13.98582630856752
283.75,2,64.13564726332908,44.52592050042204
283.75,10,41.8266,53.0829
337.5,4,96.1262022904855,32.861255710115344
337.5,5,65.40648893629808,43.317576238232604
337.5,6,81.9674814580828,9.695374170365884
337.5,8,86.97959011796235,45.34091495896732
337.5,11,85.63231875785246,41.25025976176738
337.5,12,77.25404669168503,39.02089135413328
337.5,14,100.41550544568481,26.75949009965142
337.5,1,97.04820808760982,4.237517374777746
337.5,2,92.60171352817926,34.64265095910086
337.5,10,45.0067,67.2209
337.75,4,95.94463936840698,33.32743060695908
337.75,5,65.38194658630403,42.5810162567808
337.75,6,81.50370192007094,9.018882836766787
337.75,8,86.36468678962328,45.45448114862888
337.75,11,85.16829980735395,40.7612755244694
337.75,12,77.17558108354834,38.015676685247804
337.75,14,100.14024310665734,26.403575295521033
337.75,1,96.90545389310049,3.6699012253701504
337.75,2,92.34332381095989,34.75408582870444
337.75,10,45.0067,67.2209
338.0,4,95.78476958096823,33.677472341939975
338.0,5,65.25363844002793,41.794373929772135
338.0,6,81.12425688209717,8.426689705391137
338.0,8,85.7316275342917,45.73974969895426
338.0,11,84.8124798463386,40.29076324376625
338.0,12,77.16249629929368,37.00338108474944
338.0,14,99.74438492538309,26.028773325810942
338.0,1,96.78922786578394,3.144873834387396
338.0,2,92.00554021196982,35.016566790062015
338.0,10,45.0067,67.2209
338.25,4,95.63049741994523,33.87335264620296
338.25,5,64.96323658249801,40.93250766549144
338.25,6,80.84266707975738,7.9399614394877975
338.25,8,85.13132222168598,46.06864771682989
338.25,11,84.60087129606327,39.848301211760656
338.25,12,77.14187965824001,36.06144673294703
338.25,14,99.35258216744077,25.636483032054464
338.25,1,96.75141750962575,2.6187053208712183
338.25,2,91.5923786581969,35.47400515602402
338.25,10,45.0067,67.2209
338.5,4,95.44828331643069,33.9752876167106
338.5,5,64.56373852047815,40.008317856612194
338.5,6,80.62891839306475,7.546537447536847
338.5,8,84.57950085927777,46.37382202474838
338.5,11,84.50179543989586,39.37979183279848
338.5,12,77.05902913230432,35.24894452022568
338.5,14,99.0302996326182,25.23376626540334
338.5,1,96.80457256925959,2.06784201890411
338.5,2,91.2089270772444,36.02243277933918
338.5,10,45.0067,67.2209
338.75,4,95.2419311625046,34.046720380008665
338.75,5,64.15536869727416,39.07034420545076
338.75,6,80.43551596126096,7.210511775956435
338.75,8,84.0670707948477,46.620531375167744
338.75,11,84.41320568771307,38.89079379786466
338.75,12,76.92635019456297,34.546920971126916
338.75,14,98.77373215329666,24.82354819310384
338.75,1,96.91748169053267,1.51348705981527
338.75,2,90.9904414217852,36.47016528245062
338.75,10,45.0067,67.2209
339.0,4,95.07638458130856,34.07122674442592
339.0,5,63.805207696982066,38.17090132790768
339.0,6,80.22911232771098,6.893891781690682
339.0,8,83.5893448391983,46.77715372358713
339.0,11,84.21941922346943,38.52172397480444
339.0,12,76.79305153902085,33.87588589538026
339.0,14,98.56346894632145,24.39264929906602
339.0,1,97.06621693916307,0.997998990371759
339.0,2,91.00014623576143,36.66220914406064
339.0,10,45.0067,67.2209
339.25,4,95.0314295436965,33.985615128672706
339.25,5,63.524919249005336,37.32077336204322
339.25,6,79.98736603388075,6.570499159675495
339.25,8,83.15964725874343,46.83792169714712
339.25,11,83.85329415419855,38.47928105986168
339.25,12,76.6834627049225,33.1651053947385
339.25,14,98.39979449061316,23.91297847295788
339.25,1,97.30109349604908,0.5201363239399001
339.25,2,91.18911616404658,36.56045600275838
339.25,10,45.0067,67.2209
339.5,4,95.12941870566635,33.77379507400182
339.5,5,63.29073205291091,36.476246850761285
339.5,6,79.67450165992244,6.244462375112417
339.5,8,82.79350025776425,46.838120899943284
339.5,11,83.30761905672088,38.86622108722956
339.5,12,76.57757140647843,32.41613076876273
339.5,14,98.28687524497998,23.382803056148695
339.5,1,97.73053266474338,0.016203845482135014
339.5,2,91.44102147412391,36.24755620008488
339.5,10,45.0067,67.2209
339.75,4,95.30227589654334,33.49486582979434
339.75,5,63.07891306773608,35.5703518789954
339.75,6,79.24030437432467,5.94040448111544
339.75,8,82.48461052658183,46.827881148323186
339.75,11,82.63831236665696,39.54818284378024
339.75,12,76.45348928508278,31.70089722385568
339.75,14,98.20115186949661,22.85730437279876
339.75,1,98.3986829535287,-0.5783603444686234
339.75,2,91.6512263328867,35.86143719539748
339.75,10,45.0067,67.2209
340.0,4,95.42426758866064,33.20964743968878
340.0,5,62.877840270594426,34.56246540435294
340.0,6,78.65245190234867,5.6821444817282565
340.0,8,82.1984333188665,46.82525827888906
340.0,11,81.97194018539258,40.200801526904876
340.0,12,76.32249794569648,31.10092769499126
340.0,14,98.0790434168492,22.416243985484698
340.0,1,99.16562652057866,-1.240114109727445
340.0,2,91.77235481260367,35.53960222635036
340.0,10,45.0067,67.2209
501.5,4,78.85419726568468,27.432303228118677
501.5,5,47.2753614924475,12.435777203637041
501.5,6,62.99187118731968,10.7185744538913
501.5,8,60.28149166014178,27.94557069548094
501.5,11,72.1143142736242,23.40141902423814
501.5,12,63.89094577111827,15.98926083374256
501.5,14,77.58720364896452,13.3652870352819
501.5,1,66.95506709938914,4.483574578525686
501.5,2,69.90777465475585,44.32910318461599
501.5,10,45.4882,67.4707
501.75,4,78.5008525892109,27.32602914960112
501.75,5,46.86398952997222,10.92611883069558
501.75,6,62.29851107577571,11.117247912946882
501.75,8,59.8335491078577,27.436041996226077
501.75,11,71.80203544355807,23.41710307730162
501.75,12,63.50871322641156,16.31139091591762
501.75,14,76.89474178296385,13.55779029912768
501.75,1,65.79528668487067,4.2490849966792394
501.75,2,69.17380526120232,45.2767000932903
501.75,10,45.4882,67.4707
502.0,4,78.0701309927661,27.122342628860036
502.0,5,46.47939171513055,9.469753786200338
502.0,6,61.52863716741014,11.35538578325206
502.0,8,59.3824623675691,27.06333866869436
502.0,11,71.35550206485321,23.4339020177874
502.0,12,62.86479018165518,16.74654784089558
502.0,14,76.23160933847745,13.75647930633752
502.0,1,64.64555571742179,4.126710892878163
502.0,2,68.31442371086831,46.21121835055376
502.0,10,45.4882,67.4707
502.25,4,77.60108106137878,26.87886762141838
502.25,5,46.08600923999465,8.116674163764563
502.25,6,60.67885252419204,11.488031700560722
502.25,8,58.95865379774377,26.76705573482546
502.25,11,70.78966329708014,23.51198472474946
502.25,12,62.00161994822044,17.3246302990039
502.25,14,75.59557366302371,13.962219428298742
502.25,1,63.51244237910272,4.055947299876224
502.25,2,67.34305575921199,47.13574469306174
502.25,10,45.4882,67.4707
537.25,4,58.22784351745021,32.00254353875572
537.25,5,22.88812278265162,18.67675515327542
537.25,6,37.62864955200252,13.1428801789129
537.25,8,35.545031222649826,44.55910160312173
537.25,11,44.51172251380232,35.84891326772558
537.25,12,18.562247377193238,40.98990923099966
537.25,14,56.53301208822812,22.049013831495223
537.25,1,54.06038333616236,12.512669244177681
537.25,2,55.39823328420316,44.034063185485635
537.25,10,40.6829,51.2478
537.5,4,58.26896363788262,32.008923139825754
537.5,5,22.5663283973659,18.396765728531157
537.5,6,37.69231475007032,13.097107307332482
537.5,8,35.7497323157679,45.1860644527564
537.5,11,44.69438809197418,35.79779415322994
537.5,12,18.51682525971458,41.42000427941308
537.5,14,56.48856763652837,22.12498522822362
537.5,1,54.3232523946765,12.670051999847399
537.5,2,55.904392120585,44.02327925117904
537.5,10,40.6829,51.2478
537.75,4,58.23957164441906,31.996135868950365
537.75,5,22.2420587054947,18.12950248744224
537.75,6,37.719343031370556,13.054508088065
537.75,8,36.06113239332224,45.64603284625032
537.75,11,44.874146780771284,35.871465584120656
537.75,12,18.57084137736216,41.85122004724596
537.75,14,56.45722694317418,22.153224278917197
537.75,1,54.571271690488345,12.81626826512676
537.75,2,56.51669494052292,44.24629213019823
537.75,10,40.6829,51.2478
538.0,4,58.178268138770875,31.957734530212054
538.0,5,21.8941512161956,17.88639156011586
538.0,6,37.733435777641795,13.026308157582761
538.0,8,36.44465843506814,45.95537618479962
538.0,11,45.0612079774231,36.18334541169636
538.0,12,18.71165934588632,42.2740649407086
538.0,14,56.43865701957081,22.22599519919212
538.0,1,54.833601788359715,13.0084729627826
538.0,2,57.16126533269875,44.723306258729544
538.0,10,40.6829,51.2478
538.25,4,58.14122541175148,31.888677420737917
538.25,5,21.50041891410256,17.68144811748526
538.25,6,37.76275680626212,13.049201220837881
538.25,8,36.85067410534653,46.17321678025238
538.25,11,45.27333676153706,36.78213497622906
538.25,12,18.88985037719528,42.70575572068228
538.25,14,56.41054505442354,22.39055283724148
538.25,1,55.08992751139554,13.2659000577268
538.25,2,57.75614290969978,45.376442435266014
538.25,10,40.6829,51.2478
538.5,4,58.1498010247245,31.8143675675954
538.5,5,21.0508771314428,17.52563535572288
538.5,6,37.81370674173504,13.15833241104186
538.5,8,37.22693424331582,46.356958078002585
538.5,11,45.4902981595243,37.63963980235658
538.5,12,19.0630102300343,43.194471754811744
538.5,14,56.359983306931916,22.648409122954924
538.5,1,55.30464678238148,13.57044973978476
538.5,2,58.23128239590676,46.04828406157044
538.5,10,40.6829,51.2478
538.75,4,58.17337408762412,31.781502069085878
538.75,5,20.56385073713822,17.409084567600182
538.75,6,37.8704617482603,13.351610329443698
538.75,8,37.53228531758468,46.53746838985078
538.75,11,45.65622273068551,38.61713084414984
538.75,12,19.161445607221342,43.5901344064546
538.75,14,56.31379675450502,22.97928817731068
538.75,1,55.48690616539907,13.8926135014377
538.75,2,58.53599247863966,46.562831319768634
538.75,10,40.6829,51.2478
539.0,4,58.1567194792857,31.802401516495422
539.0,5,20.081057682429623,17.298166584394718
539.0,6,37.91333792587148,13.57941039842674
539.0,8,37.75326687634092,46.721094651177886
539.0,11,45.743801332422045,39.49500492047172
539.0,12,19.24263792271892,43.990080765482325
539.0,14,56.334048262456825,23.35395052084916
539.0,1,55.7046271402294,14.2129907237813
539.0,2,58.66131812114368,46.81187049902708
539.0,10,40.6829,51.2478
539.25,4,58.068576848200436,31.83064807992248
539.25,5,19.64319242652984,17.15706158791862
539.25,6,37.93544151552944,13.770069272035098
539.25,8,37.91656347002528,46.899085353758515
539.25,11,45.79625403002076,40.09173693491672
539.25,12,19.319402578291083,44.2929488946407
539.25,14,56.47501786668319,23.72905196589592
539.25,1,56.022731941552614,14.535591205050702
539.25,2,58.669210254619394,46.80240243020852
539.25,10,40.6829,51.2478
539.5,4,57.93089762137417,31.810904252785964
539.5,5,19.272722127104863,16.971158550842063
539.5,6,37.94223490880306,13.8765981403169
539.5,8,38.08396902087158,47.064016172313345
539.5,11,45.89708963690032,40.368295905622524
539.5,12,19.37837248370498,44.4570269131612
539.5,14,56.738769388463176,24.053529622766597
539.5,1,56.43278453731089,14.88570776867212
539.5,2,58.66203188095998,46.65421061889934
539.5,10,40.6829,51.2478
539.75,4,57.80953406424818,31.742861930841137
539.75,5,18.973794192350443,16.75410816126956
539.75,6,37.943590784637095,13.900012237382478
539.75,8,38.31508416271918,47.22372296182842
539.75,11,46.0947523110802,40.420108204677874
539.75,12,19.3704447068585,44.517484342089844
539.75,14,57.066717989458745,24.293270627439
539.75,1,56.85616001384763,15.28762361817932
539.75,2,58.7142829927853,46.55723663808765
539.75,10,40.6829,51.2478
540.0,4,57.77333662221848,31.676912632303942
540.0,5,18.74173339960786,16.532329390452958
540.0,6,37.94478875786202,13.88803715408348
540.0,8,38.62143887364137,47.40164713180984
540.0,11,46.35162377322344,40.34901166959056
540.0,12,19.271263656752,44.592837027352196
540.0,14,57.373333448881866,24.458739579202216
540.0,1,57.205930848155774,15.734412686813718
540.0,2,58.884541521541756,46.67465905977311
540.0,10,40.6829,51.2478
540.25,4,57.84754276335032,31.652805719040735
540.25,5,18.573210885323142,16.33005468798488
540.25,6,37.9448,13.887899999999998
540.25,8,38.94272948640749,47.615181164574096
540.25,11,46.56904926889928,40.14611169983528
540.25,12,19.12842144381552,44.808553622099
540.25,14,57.580090976869904,24.59178015368
540.25,1,57.429368891604625,16.179054690666078
540.25,2,59.09042538856509,47.02666134287388
540.25,10,40.6829,51.2478
540.5,4,58.00190046902642,31.66394837689962
540.5,5,18.47079788701648,16.160533491945163
540.5,6,37.9448,13.887899999999998
540.5,8,39.18146415936218,47.86576105701656
540.5,11,46.66302457952134,39.73374941772248
540.5,12,19.028329482706102,45.20851980093392
540.5,14,57.65572817090187,24.72389825275736
540.5,1,57.52478476221088,16.56623643867992
540.5,2,59.26343177824718,47.480820661157495
540.5,10,40.6829,51.2478
540.75,4,58.174617987664725,31.6767886818764
540.75,5,18.44818108351495,16.0327313359099
540.75,6,37.9448,13.887899999999998
540.75,8,39.2698612084876,48.143403334958535
540.75,11,46.616809839061844,39.11998189332078
540.75,12,19.0123452798184,45.72142978060286
540.75,14,57.64648979134764,24.8651564207111
540.75,1,57.53792264369535,16.877758492630342
540.75,2,59.339077176399904,47.82172236975646
540.75,10,40.6829,51.2478
541.0,4,58.308581095498596,31.66105652865238
541.0,5,18.52346989812238,15.956617863838039
541.0,6,37.9448,13.887899999999998
541.0,8,39.20654353904236,48.43186726542982
541.0,11,46.47598097013643,38.48287048542472
541.0,12,19.046768140887078,46.201708713036744
541.0,14,57.65061783227786,25.027683151048382
541.0,1,57.5448849885291,17.13709156982994
541.0,2,59.30393867629893,47.90688060014078
541.0,10,40.6829,51.2478
541.25,4,58.37573886795591,31.605134226846623
541.25,5,18.701160021248302,15.950718958604941
541.25,6,37.9448,13.887899999999998
541.25,8,39.043275642695136,48.7080514235976
541.25,11,46.3072490474539,38.0445035290237
541.25,12,19.0665257340436,46.512517334102945
541.25,14,57.74565510248942,25.253579283639038
541.25,1,57.612933258945205,17.376645836808382
541.25,2,59.20207335959932,47.756677488944
541.25,10,40.6829,51.2478
541.5,4,58.38052751699242,31.515205939182977
541.5,5,18.93845810081064,16.02396728201948
541.5,6,37.890028735087796,13.723792450391258
541.5,8,38.844502804774194,48.95224244197014
541.5,11,46.15895387335902,37.88910317684817
541.5,12,19.04135002487812,46.60361988494769
541.5,14,57.9388797679664,25.603106248813827
541.5,1,57.75433707385878,17.60754167338862
541.5,2,59.09781753435921,47.522109014138515
541.5,10,40.6829,51.2478
541.75,4,58.353836380332936,31.406334613100903
541.75,5,19.159731930132445,16.169110522824262
541.75,6,37.772296988503214,13.377572658716058
541.75,8,38.657720877658434,49.17044579719088
541.75,11,46.043617001206414,37.913996647863016
541.75,12,18.99365084530614,46.52693740297838
541.75,14,58.13827136236112,25.9924151001591
541.75,1,57.93196990868387,17.82156687237198
541.75,2,59.04302306230956,47.384134080310545
541.75,10,40.6829,51.2478
542.0,4,58.34255758780322,31.30995340593172
542.0,5,19.309530433929858,16.363842647605036
542.0,6,37.76728269131949,13.249618523868719
542.0,8,38.49130436129882,49.40887707361005
542.0,11,45.94447811458452,37.953453082405304
542.0,12,18.96154412112308,46.3819173321376
542.0,14,58.335161160571886,26.372562668472842
542.0,1,58.10454407112608,18.01271106224502
542.0,2,59.05910208506358,47.47356065195386
542.0,10,40.6829,51.2478
542.25,4,58.39322005268076,31.26994807064014
542.25,5,19.38939723770064,16.58698276838158
542.25,6,37.80006516425544,13.10650335461354
542.25,8,38.391077253404,49.61873533705486
542.25,11,45.829962327504674,37.912406017583166
542.25,12,18.9616147685256,46.24941594585334
542.25,14,58.53806068446763,26.6113773590477
542.25,1,58.26940208221788,18.19054821534398
542.25,2,59.123333681399664,47.83365655981804
542.25,10,40.6829,51.2478
542.5,4,58.53395969109872,31.32290636615152
542.5,5,19.431967499477576,16.83100467749338
542.5,6,37.82660923634904,12.95919017770168
542.5,8,38.317256310961284,49.86198087415539
542.5,11,45.66155937178308,37.797910644954264
542.5,12,18.98178229477392,46.168920110443636
542.5,14,58.78848869488007,26.69222657380872
542.5,1,58.45783541513798,18.377108833451764
542.5,2,59.1848948687861,48.39215588225703
542.5,10,40.6829,51.2478
542.75,4,58.75953243469346,31.461974163415363
542.75,5,19.4513572196976,17.106541222253476
542.75,6,37.799751874570255,12.822765588471759
542.75,8,38.28723931578314,50.10107524899434
542.75,11,45.41369911766192,37.65154209490204
542.75,12,19.01047973418658,46.13638770382094
542.75,14,59.088256098760596,26.711909017316337
542.75,1,58.69990533964803,18.589670874561158
542.75,2,59.207472722944786,48.97557245353652
542.75,10,40.6829,51.2478
543.0,4,59.02245057879121,31.625933308655863
543.0,5,19.43772161011114,17.36323044226956
543.0,6,37.72674852150858,12.728977379312958
543.0,8,38.2967396113533,50.30967692545694
543.0,11,45.08652895275142,37.480672532903995
543.0,12,19.060219553468563,46.11597602039459
543.0,14,59.37362198373878,26.79319181362906
543.0,1,58.9910095357648,18.81321222000946
543.0,2,59.20386672337328,49.40962002322376
543.0,10,40.6829,51.2478
543.25,4,59.242225474013004,31.750387709932617
543.25,5,19.40039235906782,17.61756156840608
543.25,6,37.68025029804448,12.7268758007915
543.25,8,38.32553029860896,50.444274643294484
543.25,11,44.70960863734158,37.23706312486478
543.25,12,19.17089376383692,46.061159183218805
543.25,14,59.55077949961653,26.976171733630917
543.25,1,59.2858238828331,18.99190750071546
543.25,2,59.19946374329038,49.61130642132032
543.25,10,40.6829,51.2478
543.5,4,59.34028841771773,31.818040490064902
543.5,5,19.38410464055586,17.8274231039526
543.5,6,37.74501987885709,12.858941028319926
543.5,8,38.34673059019318,50.448949968041724
543.5,11,44.34488177043644,36.84981874715204
543.5,12,19.37974951275805,45.96881933472733
543.5,14,59.55616775888724,27.19657876624496
543.5,1,59.51647328254599,19.056061823652538
543.5,2,59.181297960393124,49.63499653511737
543.5,10,40.6829,51.2478
543.75,4,59.27937217370571,31.86381282578406
543.75,5,19.43649969407422,17.97017728187838
543.75,6,37.887952497198526,13.035188994435199
543.75,8,38.345978468289005,50.3018004745618
543.75,11,44.076228271745414,36.3168980722804
543.75,12,19.75467210647032,45.87187470772636
543.75,14,59.413634562669586,27.361134999041543
543.75,1,59.629818720393835,18.9671289271901
543.75,2,59.0842756856026,49.619537217479866
543.75,10,40.6829,51.2478
544.0,4,59.079951799550464,31.93704571462924
544.0,5,19.56398147134744,18.04002143643782
544.0,6,38.06315853425294,13.203465348445121
544.0,8,38.32691326221152,50.05189175765289
544.0,11,43.96788257036282,35.7589424040853
544.0,12,20.208501472644702,45.84865718241068
544.0,14,59.234479522212226,27.425982208473762
544.0,1,59.62074590972122,18.75251639429146
544.0,2,58.836279619073665,49.685039962734656
544.0,10,40.6829,51.2478
544.25,4,58.80089768980499,32.05773920518584
544.25,5,19.71774149199612,18.05601939625486
544.25,6,38.18829498845486,13.251891788046859
544.25,8,38.2974766571536,49.80878221428084
544.25,11,44.00880124075168,35.40861223011656
544.25,12,20.62937606805556,45.89867490350052
544.25,14,59.1537709443427,27.399093872073383
544.25,1,59.53466100498997,18.49397026971992
544.25,2,58.42436180994976,49.8494198042456
544.25,10,40.6829,51.2478
551.75,4,59.599527579840824,33.68575968802778
551.75,5,34.009020592529694,19.940232182803943
551.75,6,45.56753018085398,13.24944963251274
551.75,8,47.11643860709138,46.97010091526546
551.75,11,57.43960180305278,31.0650801975862
551.75,12,34.55424441100372,36.4018465360043
551.75,14,60.90883437253002,26.118705806226796
551.75,1,59.53112421637394,21.664478168775123
551.75,2,59.82891703008428,46.37923580779265
551.75,10,45.9746,65.4171
552.0,4,59.834286769686955,33.514992308415735
552.0,5,34.83490434891762,19.91941958076908
552.0,6,45.827133631439494,13.161923763105742
552.0,8,47.48942700169858,46.712769226974906
552.0,11,57.65964604137014,30.63808209663846
552.0,12,35.3289552207412,35.832373288825
552.0,14,60.94987393310553,25.702180239178197
552.0,1,59.90026800735717,21.84959670382278
552.0,2,60.0819585838296,46.09155716489472
552.0,10,45.9746,65.4171
552.25,4,60.0352385920488,33.39036853122994
552.25,5,35.67467383365542,19.866884312602004
552.25,6,46.08864097388442,13.0752860985851
552.25,8,48.00644751946354,46.31536963081578
552.25,11,57.838036699882196,30.19396608723442
552.25,12,36.07418559371862,35.30730773391495
552.25,14,60.96117029096651,25.43662025547318
552.25,1,60.28375101814986,21.98493155826422
552.25,2,60.27719371022867,45.82808962865642
552.25,10,45.9746,65.4171
552.5,4,60.228559704869994,33.22422883678968
552.5,5,36.50895597728644,19.82843553971804
552.5,6,46.34536534932359,13.02082156852048
552.5,8,48.673009450357895,45.7317974924539
552.5,11,58.041612615609075,29.800416793625498
552.5,12,36.763197557495786,34.90130363742484
552.5,14,60.96747568377434,25.31354638095284
552.5,1,60.653100410679464,22.06780961090262
552.5,2,60.41197395364096,45.572457807668656
552.5,10,45.9746,65.4171
552.75,4,60.43815342477982,32.92913495946324
552.75,5,37.326452200771556,19.804585274496837
552.75,6,46.6045877986181,13.0099815073315
552.75,8,49.41828859354926,44.998474840031065
552.75,11,58.28531643734474,29.444226379388777
552.75,12,37.37726260503574,34.64977701097996
552.75,14,60.98875632666575,25.27173704408412
552.75,1,60.968598444945656,22.107032400589382
552.75,2,60.486311214957745,45.29976564212654
552.75,10,45.9746,65.4171
553.0,4,60.67293405424706,32.476651706613566
553.0,5,38.116183709622085,19.77335996753066
553.0,6,46.87953162682844,13.03113202425242
553.0,8,50.14619177748122,44.200841984112834
553.0,11,58.5583677940339,29.011402072187074
553.0,12,37.91666362783123,34.50754003519732
553.0,14,61.05533910157352,25.25163950707288
553.0,1,61.199229282238,22.11308171955438
553.0,2,60.51566657079452,45.002012058074946
553.0,10,45.9746,65.4171
553.25,4,60.93115002846154,31.92001732325748
553.25,5,38.85778988541756,19.74251138983686
553.25,6,47.17506712070798,13.063122169631939
553.25,8,50.7985705500315,43.41462364814862
553.25,11,58.74749282878859,28.58860452149454
553.25,12,38.40003030166752,34.365090852847985
553.25,14,61.203500600252404,25.253562586084104
553.25,1,61.340253157473896,22.09716098232726
553.25,2,60.536909138015005,44.69748808885862
553.25,10,45.9746,65.4171
553.5,4,61.21267451570973,31.3596504806901
553.5,5,39.522328424957095,19.75411777847534
553.5,6,47.481376889605215,13.08958853910382
553.5,8,51.37745511821506,42.670473811502504
553.5,11,58.91731970792114,28.106864408661842
553.5,12,38.865325512438815,34.12857624099574
553.5,14,61.4455177689487,25.32749622537684
553.5,1,61.4214678458488,22.06716905232164
553.5,2,60.59361692728017,44.416357304774635
553.5,10,45.9746,65.4171
553.75,4,61.542310395758925,30.844851510102
553.75,5,40.08815769313006,19.848272461377796
553.75,6,47.78094852023976,13.10895163341932
553.75,8,51.91535719273518,41.979000092872795
553.75,11,59.06574959360264,27.72493811201128
553.75,12,39.36878452340602,33.76541242220006
553.75,14,61.73702280795955,25.497145489096923
553.75,1,61.491670229887816,22.0089098138486
553.75,2,60.71698295364574,44.16281046712856
553.75,10,45.9746,65.4171
554.0,4,61.867238036069466,30.45369679472332
554.0,5,40.554226262035385,20.033284968700364
554.0,6,48.060426295910204,13.1312098825112
554.0,8,52.43144501243678,41.3625299569553
554.0,11,59.215637240577834,27.53297830083476
554.0,12,39.96888274300852,33.296121806246674
554.0,14,61.99590264002607,25.69414812048572
554.0,1,61.58620353137648,21.895895253012363
554.0,2,60.90972322818544,43.898936355292754
554.0,10,45.9746,65.4171
554.25,4,62.200367100127515,30.098645519145197
554.25,5,40.9422687647954,20.29301936762138
554.25,6,48.3160745345752,13.172536571826422
554.25,8,52.9045983284765,40.85855342107202
554.25,11,59.37358859390529,27.535359016297758
554.25,12,40.68108486002164,32.74128475070934
554.25,14,62.15610359955683,25.77936337382718
554.25,1,61.709502531732724,21.721978125638362
554.25,2,61.145690784032944,43.57189199111292
554.25,10,45.9746,65.4171
554.5,4,62.45976113033653,29.79261018937492
554.5,5,41.286335689722776,20.59442626313578
554.5,6,48.5508055329096,13.24745454689548
554.5,8,53.285779003028,40.50008094730366
554.5,11,59.536570487289644,27.6583262240512
554.5,12,41.44550580831718,32.115543303594
554.5,14,62.206089406697785,25.632569226278076
554.5,1,61.84107818538846,21.520024007152703
554.5,2,61.37673299659053,43.15229530176288
554.5,10,45.9746,65.4171
554.75,4,62.592138426444,29.544388962257578
554.75,5,41.61620688684904,20.88670029602644
554.75,6,48.768453989957585,13.362961311213999
554.75,8,53.52822988726391,40.30136069726432
554.75,11,59.70297190287588,27.80364582430108
554.75,12,42.15404585512444,31.4605505944085
554.75,14,62.17955193938324,25.23565194537244
554.75,1,61.963590517157364,21.344570297892858
554.75,2,61.55976345778824,42.650059365427026
554.75,10,45.9746,65.4171
555.0,4,62.60146717247831,29.343377816977277
555.0,5,41.94456589614688,21.10946744104364
555.0,6,48.97318650374426,13.51216821358158
555.0,8,53.62448983838467,40.2488223658076
555.0,11,59.86615000261541,27.89390432720154
555.0,12,42.72116871878794,30.842899581955656
555.0,14,62.118506882360705,24.68910864402176
555.0,1,62.07907217965212,21.22731341681602
555.0,2,61.67600757787934,42.10407386434274
555.0,10,45.9746,65.4171
555.25,4,62.55139143061717,29.1532449950209
555.25,5,42.2645732795323,21.2221444915908
555.25,6,49.17533919397418,13.673403308924819
555.25,8,53.6187714800702,40.28933185302416
555.25,11,60.004331166669125,27.898784397713882
555.25,12,43.1379590128701,30.30249391539786
555.25,14,62.051169083435944,24.15102155112076
555.25,1,62.20800609690698,21.142798144458062
555.25,2,61.734840710623494,41.56433411052032
555.25,10,45.9746,65.4171
555.5,4,62.502604523749355,28.902307864880697
555.5,5,42.56285094666468,21.23146644307644
555.5,6,49.39380382045768,13.81802762870808
555.5,8,53.592564316435485,40.327342867603505
555.5,11,60.09306497154658,27.837151250244382
555.5,12,43.4583480808732,29.821481778275825
555.5,14,61.993602650027874,23.753668654672403
555.5,1,62.36050462745395,21.017917529628857
555.5,2,61.76102034863218,41.06776194957822
555.5,10,45.9746,65.4171
555.75,4,62.505658122768956,28.64514621613556
555.75,5,42.83540046416258,21.179874530167716
555.75,6,49.64658143795986,13.924188019760521
555.75,8,53.61474078776983,40.28908627148792
555.75,11,60.125937841963456,27.759583211238322
555.75,12,43.74152113899604,29.364101117194604
555.75,14,61.95951843220435,23.53640468877646
555.75,1,62.524648793411494,20.79320409698022
555.75,2,61.78677310644124,40.627959923557945
555.75,10,45.9746,65.4171
556.0,4,62.561957364739484,28.44473718102814
556.0,5,43.09012123332796,21.10407835449184
556.0,6,49.93848784511388,13.988779780478959
556.0,8,53.70203381301924,40.18040863986968
556.0,11,60.11823272022677,27.72121461867252
556.0,12,44.00955753813541,28.941257890030737
556.0,14,61.9672587696611,23.472574462923262
556.0,1,62.678852858641484,20.4741731880928
556.0,2,61.8456224756002,40.245470965291226
556.0,10,45.9746,65.4171
556.25,4,62.663514440871424,28.36030343666406
556.25,5,43.33216456994573,21.00859211764546
556.25,6,50.256752984908935,14.025799108465199
556.25,8,53.818088657103786,40.07797683338964
556.25,11,60.09461227130672,27.75006067740842
556.25,12,44.243076638727246,28.61457666705626
556.25,14,62.046503575174924,23.488441349586726
556.25,1,62.81648107068878,20.13019953056542
556.25,2,61.96223459181251,39.925968570342874
556.25,10,45.9746,65.4171
556.5,4,62.83164688080265,28.3900018175966
556.5,5,43.55208654616176,20.89327142846276
556.5,6,50.586998213655946,14.053516860403139
556.5,8,53.91042091588903,40.0516315616062
556.5,11,60.07413393267876,27.81879654446356
556.5,12,44.40508395359328,28.453094884750918
556.5,14,62.21191451586229,23.4978787989185
556.5,1,62.96278701807728,19.8358073499435
556.5,2,62.13710806929536,39.66927438017082
556.5,10,45.9746,65.4171
556.75,4,63.03668229164897,28.45343385115708
556.75,5,43.73575109935102,20.7954310167993
556.75,6,50.92841997911412,14.08147356024242
556.75,8,53.953481831415615,40.08040103510068
556.75,11,60.06232294797703,27.84460957737222
556.75,12,44.46680903929694,28.50237148471944
556.75,14,62.51139251013062,23.4304201762235
556.75,1,63.15759575837308,19.6183167629601
556.75,2,62.346838046721416,39.45253193175368
556.75,10,45.9746,65.4171
557.0,4,63.35829984346128,28.4871426813941
557.0,5,43.893248034274336,20.78849616672172
557.0,6,51.29092309045272,14.11127491765142
557.0,8,53.9583265236878,40.06734667952854
557.0,11,60.04807821364773,27.741237359630862
557.0,12,44.42360300802312,28.7574956109698
557.0,14,62.932825165379676,23.244909279685878
557.0,1,63.410897386810404,19.447540575688823
557.0,2,62.56124700588398,39.22713874785076
557.0,10,45.9746,65.4171
557.25,4,63.781758903147875,28.42141371146584
557.25,5,44.06710839109602,20.91560169771604
557.25,6,51.67386226105248,14.14314190012016
557.25,8,53.95375024867557,39.9341603778617
557.25,11,60.011208923140615,27.488577619681717
557.25,12,44.29568260934026,29.15626760118344
557.25,14,63.42146926540802,22.968467485171722
557.25,1,63.68059144687752,19.270295189014043
557.25,2,62.76036280641445,38.942360986696336
557.25,10,45.9746,65.4171
557.5,4,64.27086496355457,28.21186731923454
557.5,5,44.304037154045325,21.1385908136054
557.5,6,52.048567693387554,14.176624678171379
557.5,8,53.95819635456412,39.70132436938452
557.5,11,59.943124701994655,27.14743306556166
557.5,12,44.11212894923013,29.58047130405176
557.5,14,63.89458634715395,22.682264826299058
557.5,1,63.894066904339766,19.04932486499992
557.5,2,62.94005852751643,38.56808544761121
557.5,10,45.9746,65.4171
557.75,4,64.76986190282818,27.8402972555183
557.75,5,44.60658491026222,21.35532183002322
557.75,6,52.367514706372084,14.20772410700442
557.75,8,53.97440494299299,39.46624418623723
557.75,11,59.86465839214922,26.798152565368518
557.75,12,43.89873308877456,29.90968334506058
557.75,14,64.28489806129389,22.46172329258838
557.75,1,64.00017095194815,18.786735027824
557.75,2,63.10665048633596,38.097516603268296
557.75,10,45.9746,65.4171
558.0,4,65.22444867574931,27.339549239393243
558.0,5,44.90619611594724,21.482297576973316
558.0,6,52.586036865310646,14.233872051192318
558.0,8,53.99899280315013,39.320402152591576
558.0,11,59.818251928243754,26.483927363239424
558.0,12,43.680345114789155,30.075894517731875
558.0,14,64.56106903691118,22.332780339558017
558.0,1,63.998040010397304,18.53160063965035
558.0,2,63.278815604534465,37.53431427096892
558.0,10,45.9746,65.4171
558.25,4,65.58621562959658,26.817070716199442
558.25,5,45.08591035352994,21.51429347557276
558.25,6,52.686589433108466,14.252449515079158
558.25,8,54.0298108587633,39.284123794144875
558.25,11,59.8428511800371,26.217386724405422
558.25,12,43.49157209180253,30.065371568758923
558.25,14,64.70813914209114,22.28103585574666
558.25,1,63.91784671806464,18.292660697378142
558.25,2,63.481128090614334,36.9045789942207
558.25,10,45.9746,65.4171
566.0,4,59.85754052001746,33.2384984795221
566.0,5,31.437199637709604,35.115571531582624
566.0,6,41.737060120703745,13.916677823118098
566.0,8,36.002090106293146,38.60355748180874
566.0,11,49.74860765104794,36.10571903684268
566.0,12,32.22321292013528,27.95716019181196
566.0,14,60.46470065075838,25.832095431951178
566.0,1,51.4193695803242,17.96287005509868
566.0,2,45.3191039777935,46.91365393867034
566.0,10,43.4121,63.7337
566.25,4,59.21880939954887,33.81368912206296
566.25,5,30.25990905275116,36.78074910304452
566.25,6,40.63673292845902,14.222010577911238
566.25,8,34.78924439355118,39.517736514250146
566.25,11,48.88663056467634,36.82776736894876
566.25,12,30.6531017252761,28.2180810907347
566.25,14,60.01085657756905,25.979703349660838
566.25,1,51.03878354173382,18.0784573172715
566.25,2,43.58836569854322,46.85843148835485
566.25,10,43.4121,63.7337
566.5,4,58.53476360913828,34.295632067635935
566.5,5,29.080185503314777,38.265519824318396
566.5,6,39.547715788413605,14.5369233303737
566.5,8,33.493621008931356,40.374932521155316
566.5,11,48.017569309249396,37.42043776246358
566.5,12,28.868110397661543,28.520233221318858
566.5,14,59.573868487566244,26.15565516282884
566.5,1,50.79791669709266,18.21137107423072
566.5,2,41.99312117630452,46.68665875529656
566.5,10,43.4121,63.7337
714.75,4,62.52449586618178,46.68362887780415
714.75,5,39.344138932092264,48.22928557336524
714.75,6,46.52030031038227,37.255729050268734
714.75,8,51.49330130129563,53.58187907758774
714.75,11,55.70874559896701,44.27224337545506
714.75,12,47.021010403498146,48.51557420780026
714.75,14,63.582700878599596,37.8079862415801
714.75,1,58.216531378401704,31.29203043674392
714.75,2,64.5554076671419,53.581534644267606
714.75,10,44.10150547604403,64.49992119930126
715.0,4,62.62424918995013,46.718174245614414
715.0,5,39.33898008984734,47.878714382085995
715.0,6,46.421286003963424,37.204347595269496
715.0,8,51.402074972543616,53.47450919499122
715.0,11,55.521265856883005,44.01074016238688
715.0,12,47.45800511252606,47.91585715802422
715.0,14,63.95943274760434,37.732946502595595
715.0,1,57.90605524217714,30.895803481021638
715.0,2,64.73629535134819,53.54855519598874
715.0,10,44.07908106310144,64.58958631694016
715.25,4,62.76567849171912,46.9867569080804
715.25,5,39.44010913300684,47.39195819372374
715.25,6,46.45028292053638,37.09154272466607
715.25,8,50.95209137994668,53.16257511317956
715.25,11,55.428276133308735,43.8522498450618
715.25,12,47.93581479668434,47.330036499492024
715.25,14,64.33421550879396,38.019889672555216
715.25,1,57.68228991122502,30.464012117836738
715.25,2,64.8961354571497,53.66088783521592
715.25,10,44.0795738190154,64.65425013613836
715.5,4,62.94570122528624,47.36281257824341
715.5,5,39.62140835769444,46.85857673777418
715.5,6,46.56011811624566,36.83284241152822
715.5,8,50.28829050292755,52.745913952430655
715.5,11,55.43363261988168,43.71240486660212
715.5,12,48.48197272574162,46.76615935055388
715.5,14,64.64256392185439,38.44894159676888
715.5,1,57.559845924400726,30.002553377095136
715.5,2,65.06759169062185,53.91931127261805
715.5,10,44.146192980887704,64.6046090052577
715.75,4,63.1393719954561,47.67447791020606
715.75,5,39.8432688981694,46.336558833156126
715.75,6,46.68931542440332,36.3997223436947
715.75,8,49.6439155437149,52.346625206803665
715.75,11,55.49801409919364,43.59165435794976
715.75,12,49.11467043489376,46.19166905819914
715.75,14,64.86300599583716,38.723141577597744
715.75,1,57.5116667611904,29.5492531155924
715.75,2,65.25335248718474,54.22222252656273
715.75,10,44.294163133302504,64.43776566490074
716.0,4,63.31518741179625,47.80241251301786
716.0,5,40.06972913120628,45.8471931974652
716.0,6,46.81261225712213,35.81893568838366
716.0,8,49.17846642552657,52.01239394388182
716.0,11,55.5686613880181,43.57414711522102
716.0,12,49.827364706772165,45.54323579483914
716.0,14,65.00920880404958,38.67756501066774
716.0,1,57.480977578826085,29.1557859405825
716.0,2,65.42633028767301,54.44674468620046
716.0,10,44.49185158006672,64.2579290936887
716.25,4,63.473389727438224,47.74881062519235
716.25,5,40.27654389276934,45.39364948331082
716.25,6,46.95310688638766,35.17481570259664
716.25,8,48.921730064356915,51.714569236723264
716.25,11,55.61078782316616,43.76390758875124
716.25,12,50.56556855902062,44.770042791058124
716.25,14,65.09945974018555,38.36913483639316
716.25,1,57.42086831614538,28.856101166480904
716.25,2,65.56035538762492,54.519477203725955
716.25,10,44.662843174198045,64.22366407530973
716.5,4,63.59388144091632,47.67391767724154
716.5,5,40.453345464267,44.996786959531
716.5,6,47.14163139903967,34.59565349928234
716.5,8,48.842167752834406,51.422897490695405
716.5,11,55.61495361326778,44.224113689792134
716.5,12,51.232128071088326,43.8826699310766
716.5,14,65.14892817938969,38.000229975137216
716.5,1,57.32500586143787,28.65044544387276
716.5,2,65.65476748809553,54.448047003523925
716.5,10,44.73299785724164,64.42683923086534
716.75,4,63.741888527087305,47.70869277392222
716.75,5,40.60362564527374,44.71558772468778
716.75,6,47.3644015452313,34.229508976887246
716.75,8,48.937709160244346,51.16743266865354
716.75,11,55.57509410962708,44.94779313729848
716.75,12,51.73377721349927,42.98548279717274
716.75,14,65.16922687309217,37.7676477914938
716.75,1,57.23403257004162,28.498409544315763
716.75,2,65.74658285278312,54.30568106441724
716.75,10,44.68418179086458,64.81868950649226
717.0,4,63.90198899243584,47.94273408284842
717.0,5,40.73876189906144,44.614453224385024
717.0,6,47.558813863195624,34.19045008053612
717.0,8,49.257933439366994,51.019612611147366
717.0,11,55.48771162243281,45.85686044471892
717.0,12,52.028547766023756,42.252331711596
717.0,14,65.15420482869071,37.75362118650312
717.0,1,57.2102756455901,28.344428573943123
717.0,2,65.89534862644288,54.204155007041756
717.0,10,44.56802957492734,65.2596816454359
717.25,4,64.05476569155175,48.32559277335138
717.25,5,40.86813292966912,44.71543733606218
717.25,6,47.65612093489004,34.48687699236144
717.25,8,49.90983413092303,51.038684518551705
717.25,11,55.380320334744894,46.83239992442246
717.25,12,52.13233786233682,41.82864962969836
717.25,14,65.08637399928473,37.91995553831701
717.25,1,57.30332428076598,28.14853284782066
717.25,2,66.14176411830037,54.246849906913724
717.25,10,44.46766442226826,65.63484425714228
717.5,4,64.19992325243788,48.70892173005706
717.5,5,40.99995875669666,44.97886428250746
717.5,6,47.63440478290598,34.977930132267716
717.5,8,50.78194241999376,51.18857878374424
717.5,11,55.32576268390308,47.7488316894965
717.5,12,52.09134138600265,41.73145758824284
717.5,14,64.97067078916382,38.16770715486984
717.5,1,57.52534970823401,27.91105759725276
717.5,2,66.47467746836467,54.472060258646295
717.5,10,44.44527066505812,65.9173600888842
717.75,4,64.38827150056507,48.964550612438046
717.75,5,41.14847592746207,45.346654708813546
717.75,6,47.54581947504899,35.4289239207099
717.75,8,51.90171069893328,51.37994375379452
717.75,11,55.37912526024862,48.513387556627904
717.75,12,51.955635091247224,41.84301743414918
717.75,14,64.8646742007048,38.39561712827655
717.75,1,57.85195518762487,27.66092901318482
717.75,2,66.83921424116046,54.82879872670484
717.75,10,44.4738954890301,66.0567329873016
774.25,4,74.09832908500299,31.3196338563459
774.25,5,49.4604831694552,5.277115735531415
774.25,6,71.2130870365175,2.1564772564798402
774.25,8,53.041812084597936,26.599243837137777
774.25,11,69.10907471946112,20.59564391042964
774.25,12,55.684197175141016,13.727159847504419
774.25,14,75.2826422967218,17.857634192810544
774.25,1,68.60206464134059,8.460446746980924
774.25,2,65.85174566391417,42.89734184920944
774.25,10,46.0948,67.9053
774.5,4,73.05660331902476,31.060202272174582
774.5,5,49.10388083841096,4.6752144816762105
774.5,6,70.49269321260029,2.3325549681370843
774.5,8,51.92704047245972,26.487540514136118
774.5,11,67.87428272170749,20.92910979717802
774.5,12,54.57096915160878,14.28565942222834
774.5,14,74.41423619995138,17.6045946550634
774.5,1,67.43029914640624,8.340921936813997
774.5,2,64.30728841691659,42.90430810734772
774.5,10,46.0948,67.9053
774.75,4,72.03955055088764,30.74309687379328
774.75,5,48.81630632586753,4.290199574248372
774.75,6,69.74072869142773,2.5360141310393844
774.75,8,50.870585756763056,26.293169485458417
774.75,11,66.67617475172372,21.25889265245628
774.75,12,53.45012352172275,14.85518507536562
774.75,14,73.55751749153833,17.39388631163842
774.75,1,66.27173618612281,8.21146583395053
774.75,2,62.7382181108478,42.92125176447588
774.75,10,46.0948,67.9053
775.0,4,71.05024810336207,30.42558310990388
775.0,5,48.65682370157025,4.079574590410612
775.0,6,69.01448523566408,2.7103766875225377
775.0,8,49.815456976207614,26.07145477874738
775.0,11,65.55738165503018,21.61016898316688
775.0,12,52.31749233751323,15.42791914513794
775.0,14,72.72820386206853,17.2433796343422
775.0,1,65.14551262235071,8.068541777798012
775.0,2,61.15040788224807,42.95800043481554
775.0,10,46.0948,67.9053
775.25,4,70.08390654788622,30.14881972006426
775.25,5,48.672000906275784,4.000126511679408
775.25,6,68.34335205421587,2.838557995534198
775.25,8,48.69539998255572,25.87691980513292
775.25,11,64.52952711696481,22.01058802756786
775.25,12,51.154619496907664,16.023804988617638
775.25,14,71.77695528104869,17.123689572468784
775.25,1,64.06228776625781,7.9146603975556244
775.25,2,59.537475608008,43.007482003927564
775.25,10,46.0948,67.9053
775.5,4,69.12806361657711,29.93325779336326
775.5,5,48.863936765293126,4.019385242045638
775.5,6,67.71905746281313,2.9407474060111283
775.5,8,47.47823651087448,25.71084421816692
775.5,11,63.5851452399731,22.44116948074256
775.5,12,49.96291894787733,16.695238385571038
775.5,14,70.84140460843734,17.04181979426924
775.5,1,62.99947849221071,7.750397246387648
775.5,2,57.878043103127666,43.03497546347114
775.5,10,46.0948,67.9053
775.75,4,68.18844956558542,29.781401924053135
775.75,5,49.18838513129019,4.113551230779504
775.75,6,67.1123076799963,3.056146221099188
775.75,8,46.18209838824856,25.51012505054718
775.75,11,62.72289783990103,22.83023042651972
775.75,12,48.76921700269418,17.4686192027886
775.75,14,69.9096697473112,16.980281060602078
775.75,1,61.90257437441049,7.56548599200042
775.75,2,56.1421183287858,42.997605849497646
775.75,10,46.0948,67.9053
776.0,4,67.30659175745186,29.69033656309852
776.0,5,49.58594426171572,4.262138774297638
776.0,6,66.49387495809302,3.22571071468465
776.0,8,44.86078429781222,25.184860064844763
776.0,11,61.96121546835898,23.113977764423183
776.0,12,47.61099464098159,18.284295065598002
776.0,14,69.02340915357959,16.926714490282016
776.0,1,60.72592335912542,7.3455301461469045
776.0,2,54.300196159393806,42.874705663797684
776.0,10,46.0948,67.9053
776.25,4,66.54522416694483,29.66439118555878
776.25,5,50.01083804212464,4.4467802222963995
776.25,6,65.8407034704052,3.47417991702054
776.25,8,43.5762407825078,24.681530766073244
776.25,11,61.33172939731169,23.301857770319117
776.25,12,46.52715188675846,19.01488433335398
776.25,14,68.21350040575221,16.85883781390114
776.25,1,59.4741105308285,7.086976797380314
776.25,2,52.340389291295935,42.69458681249392
776.25,10,46.0948,67.9053
776.5,4,65.94226202739961,29.73775917070634
776.5,5,50.432924605650726,4.657585349385617
776.5,6,65.14661142953875,3.793590408510758
776.5,8,42.37609199992372,24.024789607755462
776.5,11,60.84839942522804,23.479647494752296
776.5,12,45.55865952942876,19.56110823060944
776.5,14,67.48386655038601,16.744624061150823
776.5,1,58.200952426358164,6.803890770862758
776.5,2,50.289900645097305,42.521562232596295
776.5,10,46.0948,67.9053
776.75,4,65.4914251472996,29.975993589353862
776.75,5,50.82215064489702,4.899248105978229
776.75,6,64.42368846284005,4.141470547998607
776.75,8,41.30050847030438,23.324338963239878
776.75,11,60.49137483392055,23.7418306217796
776.75,12,44.74820889265705,19.924399480237078
776.75,14,66.82123946016618,16.55856231705452
776.75,1,56.971855054031494,6.519917039611658
776.75,2,48.22764435929444,42.42801852576166
776.75,10,46.0948,67.9053
777.0,4,65.16935188864454,30.43266971832146
777.0,5,51.133593764525344,5.191762314936097
777.0,6,63.69969674110994,4.460684527270836
777.0,8,40.39732542429112,22.745784750872662
777.0,11,60.22698420165674,24.124159168024057
777.0,12,44.1253755733178,20.1733067525121
777.0,14,66.22216187201329,16.31065235442448
777.0,1,55.82274379831798,6.252834753208264
777.0,2,46.2721636602111,42.46678588696942
777.0,10,46.0948,67.9053
777.25,4,64.97183259571442,31.103057282562297
777.25,5,51.30587375056145,5.559222180450238
777.25,6,63.004757151163254,4.71200141833657
777.25,8,39.72496450017806,22.44871686176046
777.25,11,60.02932959229406,24.58080032452272
777.25,12,43.68718624882111,20.35294920239712
777.25,14,65.70788032202492,16.05872247033944
777.25,1,54.749522373873404,6.004179988864286
777.25,2,44.54053034368772,42.65871755904016
777.25,10,46.0948,67.9053
777.5,4,64.91196875900644,31.915819376742256
777.5,5,51.29677678412486,6.01442394500437
777.5,6,62.35815915651538,4.893352055251276
777.5,8,39.3067621122211,22.527082801627
777.5,11,59.88291150991601,25.021541383160642
777.5,12,43.387484066933,20.457253149773177
777.5,14,65.30863710561678,15.88927323673054
777.5,1,53.72893517572278,5.76030961289775
777.5,2,43.0988958003729,42.98499651085544
777.5,10,46.0948,67.9053
777.75,4,64.98329153684831,32.7803244359523
777.75,5,51.12742620045678,6.543802165666084
777.75,6,61.76655448738501,5.034472672361487
777.75,8,39.08802136832116,22.979685209893624
777.75,11,59.77419989784037,25.36974024933362
777.75,12,43.146992431908686,20.480503727682382
777.75,14,65.02958785589671,15.87848676801996
777.75,1,52.74540836894586,5.501927570044491
777.75,2,41.95112359557676,43.38323085385129
777.75,10,46.0948,67.9053
778.0,4,65.14450153836665,33.6380320300967
778.0,5,50.87364491022894,7.1121464085592265
778.0,6,61.22977229677606,5.17222413276972
778.0,8,38.94855190854078,23.696457873282718
778.0,11,59.69287989496009,25.614196727804938
778.0,12,42.87740354001426,20.461535977162402
778.0,14,64.8328484559095,16.05152232634568
778.0,1,51.80808207443029,5.220506035597898
778.0,2,41.03033010588754,43.77993047853147
778.0,10,46.0948,67.9053
778.25,4,65.33041236589467,34.481954346763764
778.25,5,50.59687469681528,7.686134613309848
778.25,6,60.73474765339172,5.328425571003556
778.25,8,38.7842267469603,24.4683812445119
778.25,11,59.64090723512718,25.811162811994024
778.25,12,42.51289927495334,20.468171141970704
778.25,14,64.6565832510752,16.37635454245426
778.25,1,50.94258029835346,4.927842392727134
778.25,2,40.42234157615004,44.055293594270196
778.25,10,46.0948,67.9053
778.5,4,65.4731587095765,35.331619661724936
778.5,5,50.2936635005007,8.259285310819852
778.5,6,60.25074121552042,5.505214738263613
778.5,8,38.57879687060764,25.050882565301784
778.5,11,59.629838701622724,26.02745196957718
778.5,12,42.036057489592885,20.55879718819428
778.5,14,64.45003758280683,16.789008163844517
778.5,1,50.17083744568478,4.65531629119884
778.5,2,40.01044600992795,44.25502785095678
778.5,10,46.0948,67.9053
778.75,4,65.52382958561068,36.19480804442302
778.75,5,49.92128561864662,8.852515314612969
778.75,6,59.74306186239157,5.694680943168456
778.75,8,38.416084839708006,25.28678564147804
778.75,11,59.66989488438852,26.283941157574
778.75,12,41.4813866249839,20.77038398159372
778.75,14,64.19484505057817,17.23220893882728
778.75,1,49.495559619120804,4.443736139736324
778.75,2,39.8315178118711,44.430756010253425
778.75,10,46.0948,67.9053
779.0,4,65.46752236077324,37.05283167819378
779.0,5,49.47077856090287,9.501910636250454
779.0,6,59.19845972865748,5.896516704112188
779.0,8,38.41110100261812,25.2040192548648
779.0,11,59.7684965881126,26.55775681287492
779.0,12,40.964734641742155,21.0765406378572
779.0,14,63.90859064981835,17.68077724577794
779.0,1,48.902961704082685,4.326946116496468
779.0,2,39.87568560989442,44.682755302452236
779.0,10,46.0948,67.9053
779.25,4,65.3319113516316,37.88634471727204
779.25,5,48.983732809394425,10.23265862448545
779.25,6,58.63569024546039,6.120626521228344
779.25,8,38.616274275044574,25.00409830775316
779.25,11,59.92792004640734,26.845640141437322
779.25,12,40.3734339269566,21.598462919579823
779.25,14,63.626050019179445,18.13591245245852
779.25,1,48.37863866369736,4.316808085944042
779.25,2,40.10908812362514,45.09547677197424
779.25,10,46.0948,67.9053
779.5,4,65.16336377901015,38.71355711229264
779.5,5,48.498030618450485,11.04208643075404
779.5,6,58.08349378029764,6.3728110258651185
779.5,8,38.96934600620854,24.94134789410188
779.5,11,60.13988453780678,27.204779695371265
779.5,12,39.90873865496802,22.17343876901068
779.5,14,63.36747322278758,18.60075437318978
779.5,1,47.9184151978294,4.3964183573794395
779.5,2,40.473133360214774,45.70974361075956
779.5,10,46.0948,67.9053
865.75,4,99.23653042976288,36.26711155155428
865.75,5,66.7993546364473,39.65887918216974
865.75,6,74.6560932494147,20.80748195665464
865.75,8,87.61395351019604,38.80160513822218
865.75,11,87.23801874780055,31.262922416392097
865.75,12,64.36028826114031,25.480949989995743
865.75,14,97.464909410627,21.569218841205263
865.75,1,94.99043240793281,23.144038512715138
865.75,2,99.02587653448794,39.929269176914886
865.75,10,38.5141,70.2141
866.0,4,98.86956964564568,35.97260197210804
866.0,5,66.44687932392767,39.61514646490256
866.0,6,74.52481224157381,20.86859367494314
866.0,8,87.34299287393658,39.35700423788264
866.0,11,86.9112361858756,31.20231450996634
866.0,12,64.35705157581373,25.42074816378526
866.0,14,97.0474994410975,21.62565462080674
866.0,1,94.93931977706846,22.9311665769836
866.0,2,98.46510239013175,40.0714981330132
866.0,10,38.5141,70.2141
866.25,4,98.66444837265469,35.71314777721586
866.25,5,66.10052802936646,39.46740111066254
866.25,6,74.4239717469562,20.841460072429378
866.25,8,86.97949816952894,39.77816107563214
866.25,11,86.53776599863622,31.252594249629237
866.25,12,64.31067741451339,25.433977937900117
866.25,14,96.73963005671614,21.67456246670896
866.25,1,94.76175916402865,22.50642257546524
866.25,2,97.89645703072327,40.16105643447108
866.25,10,38.5141,70.2141
1022.5,4,96.57072798903252,40.66954805073648
1022.5,5,48.167,51.8664
1022.5,6,88.87815466587827,36.50400656272678
1022.5,8,97.6809418876263,55.6372252088064
1022.5,11,92.16259504469014,51.35181515405428
1022.5,12,97.12369427806348,47.08200844633044
1022.5,14,96.82853196868206,31.971466426005783
1022.5,1,92.79477296231481,32.63257259211008
1022.5,2,96.9389255469861,51.24927356356128
1022.5,10,39.2568,70.2237
1022.75,4,96.38704529809118,40.685911489812156
1022.75,5,48.167,51.8664
1022.75,6,88.96357549150937,36.68759577023328
1022.75,8,98.47854387416969,55.473176450276796
1022.75,11,92.1059863036846,51.670228354964685
1022.75,12,97.46207041492337,47.20397139448098
1022.75,14,97.0107433922875,32.17537898492688
1022.75,1,92.7889223970981,32.6647240193262
1022.75,2,97.2686352651792,51.604018568391744
1022.75,10,39.2568,70.2237
1023.0,4,96.48107850069792,40.39007902993868
1023.0,5,48.167,51.8664
1023.0,6,89.05231423469573,36.792161417768284
1023.0,8,99.315235299721,55.236030784962374
1023.0,11,92.06666183102976,51.849892778946945
1023.0,12,97.90499094670612,47.367513420917746
1023.0,14,97.15530583747395,32.37435485447149
1023.0,1,92.7562805132438,32.28520412580052
1023.0,2,97.64372353210656,51.72936435326384
1023.0,10,39.2568,70.2237
1023.25,4,96.84392003709867,39.6942848521251
1023.25,5,48.167,51.8664
1023.25,6,89.16851772904492,36.86002709888804
1023.25,8,100.08960625424274,54.908781546385626
1023.25,11,92.02787210885455,51.81537088347294
1023.25,12,98.41174503160389,47.51682321398896
1023.25,14,97.28879601423532,32.50841395316236
1023.25,1,92.70415774454352,31.608301236700164
1023.25,2,98.03519543596475,51.56343115452199
1023.25,10,39.2568,70.2237
1023.5,4,97.2853784058633,38.6089652988923
1023.5,5,48.167,51.8664
1023.5,6,89.3200732823934,36.99124690376756
1023.5,8,100.71530675853919,54.49685562456906
1023.5,11,91.99568385522933,51.60603299613278
1023.5,12,98.86154600698993,47.5630190674801
1023.5,14,97.43645752977227,32.598522242733125
1023.5,1,92.6877223092923,30.87797292378562
1023.5,2,98.4074804234971,51.12968320034716
1023.5,10,39.2568,70.2237
1023.75,4,97.53133333511354,37.18640020529203
1023.75,5,48.167,51.8664
1023.75,6,89.5013152009909,37.271947453018676
1023.75,8,101.1589166296474,54.05153537235528
1023.75,11,91.99756387426505,51.328938036574144
1023.75,12,99.10209025308161,47.436833736561255
1023.75,14,97.60036930417574,32.68472167178642
1023.75,1,92.77689354389612,30.34251175081896
1023.75,2,98.71604238522539,50.53080429551144
1023.75,10,39.2568,70.2237
1024.0,4,97.40603539000256,35.57102066096586
1024.0,5,48.167,51.8664
1024.0,6,89.66199283842931,37.60480530630448
1024.0,8,101.441254992907,53.65007186341444
1024.0,11,92.0660528994388,51.08293149397436
1024.0,12,99.06052116522861,47.147790525131576
1024.0,14,97.73836968702463,32.756186891961455
1024.0,1,92.99934235692129,30.13872338046566
1024.0,2,98.92158458567488,49.89933110257134
1024.0,10,39.2568,70.2237
1024.25,4,96.93234439698443,34.129908463399616
1024.25,5,48.167,51.8664
1024.25,6,89.8119435979069,37.89302455328777
1024.25,8,101.6032834038826,53.35132731884215
1024.25,11,92.22458856957931,50.9130352822024
1024.25,12,98.82392908217713,46.79405834163519
1024.25,14,97.77875282638962,32.74012024681588
1024.25,1,93.30045559254079,30.251351104269116
1024.25,2,99.0135879544448,49.338090162404555
1024.25,10,39.2568,70.2237
1644.0,4,94.88895838246151,30.97520617176396
1644.0,5,42.4474,64.129
1644.0,6,55.09533764875986,14.751557299537259
1644.0,8,85.2450232893736,34.365676133345104
1644.0,11,91.98483863427114,21.116450849782
1644.0,12,44.342666363412,33.69801515716865
1644.0,14,94.10745572928094,26.718275654926664
1644.0,1,84.22150270279526,21.8620398472139
1644.0,2,93.25188535471077,34.926707074914056
1644.0,10,45.64169999999999,65.2673
1644.25,4,95.83991417472616,31.6492447915655
1644.25,5,42.4474,64.129
1644.25,6,56.05455644667181,14.738538082885501
1644.25,8,86.78794429139683,34.74189016219068
1644.25,11,92.94814255929352,21.04515327205536
1644.25,12,44.74927955624852,33.779783992980754
1644.25,14,95.37204099434787,27.190860065672478
1644.25,1,85.34770232314395,22.3527511133634
1644.25,2,94.74723260483336,34.46753505949002
1644.25,10,45.6417,65.2673
1644.5,4,96.66058096261592,32.4739662579088
1644.5,5,42.4474,64.129
1644.5,6,56.94138282480934,14.75501441891314
1644.5,8,88.32469735683868,35.18758756557356
1644.5,11,93.95196746896578,21.023170835716858
1644.5,12,45.1369452963787,33.802098709286156
1644.5,14,96.53349327270385,27.655671598323398
1644.5,1,86.34774382536374,22.846013383681502
1644.5,2,96.05137324447453,34.23477612396108
1644.5,10,45.6417,65.2673
1644.75,4,97.39453736526933,33.350678291954175
1644.75,5,42.4474,64.129
1644.75,6,57.85946278438422,14.828884551101282
1644.75,8,89.87111376686964,35.63650792530674
1644.75,11,95.08605728895482,21.031418059481858
1644.75,12,45.52351186732217,33.79014178992993
1644.75,14,97.49569457752686,28.01929846211638
1644.75,1,87.24632331753696,23.35514921161026
1644.75,2,97.15701383894982,34.22580335787822
1644.75,10,45.6417,65.2673
1645.0,4,98.07733193456423,34.05931410421254
1645.0,5,42.4474,64.129
1645.0,6,58.84446086591741,14.93986128990492
1645.0,8,91.40661756831923,36.02579552771826
1645.0,11,96.34695575850398,21.04917954165978
1645.0,12,45.918564861352806,33.77860438521822
1645.0,14,98.22607363323324,28.223768538811818
1645.0,1,88.08058584070056,23.89309191707888
1645.0,2,98.05488074891079,34.401683760282495
1645.0,10,45.6417,65.2673
